first_name,last_name,phone,email,street,city,state,zip_code
TestCSV,Test,(111) 111-1111,test@gmail.com,123 test street,Test_city,TA,12345
TestCSV,Test,(111) 111-1111,test@gmail.com,123 test street,Test_city,TA,12345
TestCSV,Test,(111) 111-1111,test@gmail.com,123 test street,Test_city,TA,12345
TestCSV,Test,(111) 111-1111,test@gmail.com,123 test street,Test_city,TA,12345
TestCSV,Test,(111) 111-1111,test@gmail.com,123 test street,Test_city,TA,12345
TestCSV,Test,(111) 111-1111,test@gmail.com,123 test street,Test_city,TA,12345
TestCSV,Test,(111) 111-1111,test@gmail.com,123 test street,Test_city,TA,12345
TestCSV,Test,(111) 111-1111,test@gmail.com,123 test street,Test_city,TA,12345
TestCSV,Test,(111) 111-1111,test@gmail.com,123 test street,Test_city,TA,12345
TestCSV,Test,(111) 111-1111,test@gmail.com,123 test street,Test_city,TA,12345
TestCSV,Test,(111) 111-1111,test@gmail.com,123 test street,Test_city,TA,12345
TestCSV,Test,(111) 111-1111,test@gmail.com,123 test street,Test_city,TA,12345
TestCSV,Test,(111) 111-1111,test@gmail.com,123 test street,Test_city,TA,12345
TestCSV,Test,(111) 111-1111,test@gmail.com,123 test street,Test_city,TA,12345
TestCSV,Test,(111) 111-1111,test@gmail.com,123 test street,Test_city,TA,12345
TestCSV,Test,(111) 111-1111,test@gmail.com,123 test street,Test_city,TA,12345
TestCSV,Test,(111) 111-1111,test@gmail.com,123 test street,Test_city,TA,12345
TestCSV,Test,(111) 111-1111,test@gmail.com,123 test street,Test_city,TA,12345
TestCSV,Test,(111) 111-1111,test@gmail.com,123 test street,Test_city,TA,12345
TestCSV,Test,(111) 111-1111,test@gmail.com,123 test street,Test_city,TA,12345
TestCSV,Test,(111) 111-1111,test@gmail.com,123 test street,Test_city,TA,12345
TestCSV,Test,(111) 111-1111,test@gmail.com,123 test street,Test_city,TA,12345
TestCSV,Test,(111) 111-1111,test@gmail.com,123 test street,Test_city,TA,12345
TestCSV,Test,(111) 111-1111,test@gmail.com,123 test street,Test_city,TA,12345
TestCSV,Test,(111) 111-1111,test@gmail.com,123 test street,Test_city,TA,12345
TestCSV,Test,(111) 111-1111,test@gmail.com,123 test street,Test_city,TA,12345
TestCSV,Test,(111) 111-1111,test@gmail.com,123 test street,Test_city,TA,12345
TestCSV,Test,(111) 111-1111,test@gmail.com,123 test street,Test_city,TA,12345
TestCSV,Test,(111) 111-1111,test@gmail.com,123 test street,Test_city,TA,12345
TestCSV,Test,(111) 111-1111,test@gmail.com,123 test street,Test_city,TA,12345
TestCSV,Test,(111) 111-1111,test@gmail.com,123 test street,Test_city,TA,12345
TestCSV,Test,(111) 111-1111,test@gmail.com,123 test street,Test_city,TA,12345
TestCSV,Test,(111) 111-1111,test@gmail.com,123 test street,Test_city,TA,12345
TestCSV,Test,(111) 111-1111,test@gmail.com,123 test street,Test_city,TA,12345
TestCSV,Test,(111) 111-1111,test@gmail.com,123 test street,Test_city,TA,12345
TestCSV,Test,(111) 111-1111,test@gmail.com,123 test street,Test_city,TA,12345
TestCSV,Test,(111) 111-1111,test@gmail.com,123 test street,Test_city,TA,12345
TestCSV,Test,(111) 111-1111,test@gmail.com,123 test street,Test_city,TA,12345
TestCSV,Test,(111) 111-1111,test@gmail.com,123 test street,Test_city,TA,12345
TestCSV,Test,(111) 111-1111,test@gmail.com,123 test street,Test_city,TA,12345
TestCSV,Test,(111) 111-1111,test@gmail.com,123 test street,Test_city,TA,12345
TestCSV,Test,(111) 111-1111,test@gmail.com,123 test street,Test_city,TA,12345
TestCSV,Test,(111) 111-1111,test@gmail.com,123 test street,Test_city,TA,12345
TestCSV,Test,(111) 111-1111,test@gmail.com,123 test street,Test_city,TA,12345
TestCSV,Test,(111) 111-1111,test@gmail.com,123 test street,Test_city,TA,12345
TestCSV,Test,(111) 111-1111,test@gmail.com,123 test street,Test_city,TA,12345
TestCSV,Test,(111) 111-1111,test@gmail.com,123 test street,Test_city,TA,12345
TestCSV,Test,(111) 111-1111,test@gmail.com,123 test street,Test_city,TA,12345
TestCSV,Test,(111) 111-1111,test@gmail.com,123 test street,Test_city,TA,12345
TestCSV,Test,(111) 111-1111,test@gmail.com,123 test street,Test_city,TA,12345
TestCSV,Test,(111) 111-1111,test@gmail.com,123 test street,Test_city,TA,12345
TestCSV,Test,(111) 111-1111,test@gmail.com,123 test street,Test_city,TA,12345
TestCSV,Test,(111) 111-1111,test@gmail.com,123 test street,Test_city,TA,12345
TestCSV,Test,(111) 111-1111,test@gmail.com,123 test street,Test_city,TA,12345
TestCSV,Test,(111) 111-1111,test@gmail.com,123 test street,Test_city,TA,12345
TestCSV,Test,(111) 111-1111,test@gmail.com,123 test street,Test_city,TA,12345
TestCSV,Test,(111) 111-1111,test@gmail.com,123 test street,Test_city,TA,12345
TestCSV,Test,(111) 111-1111,test@gmail.com,123 test street,Test_city,TA,12345
TestCSV,Test,(111) 111-1111,test@gmail.com,123 test street,Test_city,TA,12345
TestCSV,Test,(111) 111-1111,test@gmail.com,123 test street,Test_city,TA,12345
TestCSV,Test,(111) 111-1111,test@gmail.com,123 test street,Test_city,TA,12345
TestCSV,Test,(111) 111-1111,test@gmail.com,123 test street,Test_city,TA,12345
TestCSV,Test,(111) 111-1111,test@gmail.com,123 test street,Test_city,TA,12345
TestCSV,Test,(111) 111-1111,test@gmail.com,123 test street,Test_city,TA,12345
TestCSV,Test,(111) 111-1111,test@gmail.com,123 test street,Test_city,TA,12345
TestCSV,Test,(111) 111-1111,test@gmail.com,123 test street,Test_city,TA,12345
TestCSV,Test,(111) 111-1111,test@gmail.com,123 test street,Test_city,TA,12345
TestCSV,Test,(111) 111-1111,test@gmail.com,123 test street,Test_city,TA,12345
TestCSV,Test,(111) 111-1111,test@gmail.com,123 test street,Test_city,TA,12345
TestCSV,Test,(111) 111-1111,test@gmail.com,123 test street,Test_city,TA,12345
TestCSV,Test,(111) 111-1111,test@gmail.com,123 test street,Test_city,TA,12345
TestCSV,Test,(111) 111-1111,test@gmail.com,123 test street,Test_city,TA,12345
TestCSV,Test,(111) 111-1111,test@gmail.com,123 test street,Test_city,TA,12345
TestCSV,Test,(111) 111-1111,test@gmail.com,123 test street,Test_city,TA,12345
TestCSV,Test,(111) 111-1111,test@gmail.com,123 test street,Test_city,TA,12345
TestCSV,Test,(111) 111-1111,test@gmail.com,123 test street,Test_city,TA,12345
TestCSV,Test,(111) 111-1111,test@gmail.com,123 test street,Test_city,TA,12345
TestCSV,Test,(111) 111-1111,test@gmail.com,123 test street,Test_city,TA,12345
TestCSV,Test,(111) 111-1111,test@gmail.com,123 test street,Test_city,TA,12345
TestCSV,Test,(111) 111-1111,test@gmail.com,123 test street,Test_city,TA,12345
TestCSV,Test,(111) 111-1111,test@gmail.com,123 test street,Test_city,TA,12345
TestCSV,Test,(111) 111-1111,test@gmail.com,123 test street,Test_city,TA,12345
TestCSV,Test,(111) 111-1111,test@gmail.com,123 test street,Test_city,TA,12345
TestCSV,Test,(111) 111-1111,test@gmail.com,123 test street,Test_city,TA,12345
TestCSV,Test,(111) 111-1111,test@gmail.com,123 test street,Test_city,TA,12345
TestCSV,Test,(111) 111-1111,test@gmail.com,123 test street,Test_city,TA,12345
TestCSV,Test,(111) 111-1111,test@gmail.com,123 test street,Test_city,TA,12345
TestCSV,Test,(111) 111-1111,test@gmail.com,123 test street,Test_city,TA,12345
TestCSV,Test,(111) 111-1111,test@gmail.com,123 test street,Test_city,TA,12345
TestCSV,Test,(111) 111-1111,test@gmail.com,123 test street,Test_city,TA,12345
TestCSV,Test,(111) 111-1111,test@gmail.com,123 test street,Test_city,TA,12345
TestCSV,Test,(111) 111-1111,test@gmail.com,123 test street,Test_city,TA,12345
TestCSV,Test,(111) 111-1111,test@gmail.com,123 test street,Test_city,TA,12345
TestCSV,Test,(111) 111-1111,test@gmail.com,123 test street,Test_city,TA,12345
TestCSV,Test,(111) 111-1111,test@gmail.com,123 test street,Test_city,TA,12345
TestCSV,Test,(111) 111-1111,test@gmail.com,123 test street,Test_city,TA,12345
TestCSV,Test,(111) 111-1111,test@gmail.com,123 test street,Test_city,TA,12345
TestCSV,Test,(111) 111-1111,test@gmail.com,123 test street,Test_city,TA,12345
TestCSV,Test,(111) 111-1111,test@gmail.com,123 test street,Test_city,TA,12345
TestCSV,Test,(111) 111-1111,test@gmail.com,123 test street,Test_city,TA,12345